Keywords,Reddit mention times,Twitter mention times
"180 smoke",0,4
"21 century smoking",0,1
"21st century smoke",0,1
"4everecig",0,5
"4x pods",1,6
"7's",2,34
"a clean cigarette",0,0
"a&n",3,255
"absolute vaper",1,4
"absolutevapors",0,1
"aer",82,8654
"air one",678,8208
"air smoke",282,25814
"alien visions",1297,167
"american eliquid store",19,47
"amerismoke",3,56
"apollo",5158,89635
"aqua vapor",42,98
"aristo",21,582
"artery",2500,29831
"atmizoo",1284,578
"atmos",6867,36356
"augvape",4100,12472
"aussie blue",4,158
"automatic cigarettes",1,89
"avail",6669,48528
"baked vape, other brands",0,0
"barn brew",14,13
"bedford slims",32,148
"betamorph",88,213
"bidi stick",47,458
"big dog vapes",6,2
"blackhat",59,1418
"bloog",460,692
"bluevaper",0,18
"blvk unicorn",346,974
"bocavapes",28,37
"breathe intelligent",0,87
"brew city vape",4,7
"buck naked",299,10009
"bud vape",563,1526
"buddha juice",26,11
"bull smoke",29,3453
"calibar",4,42
"cec",9,2201
"ceravape",215,944
"chase cigs",0,34
"cherry vape",402,2122
"chi-town vapers",33,50
"choice 7's",0,0
"cig2o",0,19
"cigalectric",4,162
"cigana",2,735
"cigavette",6,560
"cigees",21,806
"cigelectric",5,745
"ciggo",151,1776
"cigirex",8,263
"cigirex™",0,0
"cigma",29,404
"cignot",397,116
"cigreds",1,1
"clean cig",20,537
"cleansmoke",5,239
"clear smoke",135,29891
"cloud 9",1,39
"cloud atlas vaping",24,25
"cloud crew",2,170
"cloud drops",19,34
"cloud stix",4,0
"cloudcig",59,366
"cloudv",147,3226
"colorado vape",28,1166
"crazy vapes",43,50
"crazy vapors",33,29
"crown 7",0,1
"crème de vape",5,17
"cs vapes",8,0
"cuttwood",11588,10262
"dana vape",3,60
"dark star (handcrafted mods)",0,0
"delux",185,2863
"diy flavor shack",228,114
"downtown vape",6,125
"dragon fly",19,2249
"ds vapes",4,0
"dv",3559,28090
"e s*",0,7
"e smoker canada",0,0
"e-liq",275,1052
"e-liquid vape shop",8,81
"e-lites",115,15836
"e-luminate",14,190
"e-smart",271,1489
"e-swisher",10,362
"east coast vapor",24,31
"eastmall",29,22
"easy vaping",271,976
"easy vapors",5,3
"easypuff",1,245
"ec -smokes",0,0
"ec blend",356,51
"ecig central",1,64
"ecig delivered",3,1693
"ecig illusions",0,4
"ecig life",22,1059
"ecig n' vape",0,0
"ecigared",2,124
"ecigforlife reserve",0,0
"ecigpros",7,5
"ecigsoutlet",0,74
"ecigwizard",383,1824
"ecigzoo",1,17
"ecloud",28,424
"eco",3433,92187
"eco-cigs",2,723
"efox",0,181
"ego c twist",1927,1179
"ejuicemonkey",12,4
"eko cigs",1,3
"eleaf",54970,125515
"electro",1046,51675
"elektric blue",0,3
"elektro",8,4510
"eliquidplanet",26,9
"elitensmoke",1,42
"elqdecigs",0,14
"eluma",12,167
"eonsmoke",1815,2460
"epipes (mod)",0,0
"epuffer",118,1441
"era3",0,16
"esixvapors",5,4
"esmoke",68,10726
"evape",381,2607
"evape black and gold label",0,0
"ever smoke",1801,302520
"eversmoke",64,5960
"evo vapor",34,16
"excape",14,382
"ez cig",10,469
"ez smoker",1,103
"ezsmoker",0,0
"ezzy",48,615
"fantasia",7309,33225
"faze",200,42368
"fifty-one",36,983
"finiti",35,323985
"firebrand",95,1413
"firecreek",10,19
"flavor hound",10,4
"flavor vapes",313,319
"foggy gorilla",39,151
"freedom e-cigs",2,76
"freshcig",24,124
"frii",8,836
"fuma",127,103864
"fusion vape",17,747
"gamucci",72,7676
"geek vape",5825,27260
"genecigs",1,7
"ginger vaper",185,375
"glas",6150,12620
"gogo",195,24040
"good e-juice",224,387
"green smoke",768,132024
"greensmartliving",38,5038
"headvape",5,124
"health e-cigarette",37,7095
"heaven gifts",801,2891
"heavyvape",2,9
"heliz bar",0,0
"holismokes",8,44
"hoosier vapes",135,20
"hoosierecig",49,11
"hot vapes",569,167
"hyde",625,151319
"hydro",3388,40841
"hyppe",28,64
"icig",68,958
"imperial clouds",6,4
"imperial smoke",14,852
"indy vapor (house blend)",0,0
"innokin",56030,59778
"ipv",44527,32419
"ism",175,7434
"ismok",22,96
"istick",112023,95301
"itaste",31305,22806
"ivape",3542,13000
"jacvapour",269,4741
"jak",205,97707
"janty",599,1024
"johnson creek",1633,1085
"joyetech",40569,116412
"juicigs",0,0
"juicycigs",0,10
"justfog",1732,19906
"juul",189941,3060494
"kalamazoo vapor shop",131,27
"kandypens",1760,9728
"kangertech",23862,61463
"kj's",6,656
"knoxville vapor",48,88
"kraken",9481,10430
"krave",281,410029
"leap go",21,55
"lecig",47,1616
"legit liquid",8,15
"lex12",0,172
"liberro",13,1284
"liberty flights",895,921
"liberty stix",3,9
"litecig",137,10
"litejoy",22,556
"logic",13337,355186
"lost vape",19309,61557
"lost vape mania stick",0,0
"love ecig",93,2235
"luci",15,13885
"luck-e-vapors",0,0
"luxury lites",49,277
"madvapes",4039,2498
"magic mist",17,860
"magic stick vape magic",0,4
"markten",729,4228
"maya",530,70838
"microcig",18,12
"mig",3143,110987
"mig vapor",316,3955
"mini (handcrafted mods)",0,0
"mirage",2718,56750
"mistic",405,59477
"misty",717,39607
"modern smoke",27,1252
"modern vapor",58,93
"mojo",2355,94687
"monster vape",213,3142
"moose juice",60,77
"more cig",0,6
"moti piin",127,228
"mount baker vapor",3067,5178
"mr-e-go",1,1
"mr. vape",236,15090
"mt. baker vapor",0,0
"multicig",2,1205
"my blu",1,115
"my freedom smokes",6,6
"my smokeless",0,0
"mylé",159,369
"mystart",18,22
"naked 100",0,4
"nashville vapor",273,57
"new leaf vapor (vapornine)",0,0
"newhere",30,721
"nexgen",241,945
"nicmaxx",50,204
"nicocig",4,198
"nicotek",29,167
"nicstick",17,108
"njoy",7726,518698
"noflame",3,142
"nola vape",61,73
"nucig",12,302
"nulife",19,72
"nuvocig",8,210
"nyce smoke",0,39
"nyk",20,5405
"oakley, iciga",0,0
"ohm",356976,169483
"ok smokey",3,186
"okc vapes",245,89
"omni",7796,8234
"original mini-e and super mini",0,0
"oro bar",0,10
"ozone smoke",0,5476
"perfection vapes",93,189
"phantoms",197,1894
"pink spot vapors",221,318
"prestige vaping",4,297
"prime vapor",10,49
"privileged premium",5,12
"prosmoke",28,1639
"provape",2697,4153
"puf",131,4963
"puff",58315,785736
"puff bar",1291,8646
"puffbar",226,1588
"pure cigs",12,483
"pure smoke",54,9185
"pure smoker",68,146
"rebreathe",7,384
"red dragon",233,3044
"red mercury",2,95
"rejuve",4,536
"republic of vape",0,0
"revolver",1362,30670
"rig mod",1091,2842
"rip tide ripstick",3,0
"roc vape",2,125
"rocky top",151,6082
"rok",214,36395
"royal smoke",17,2333
"ruyan",632,493
"ryse",10,636
"safe way ecig",1,2
"saffire vapor",66,64
"shoreditch",164,10705
"sigelei",102041,65048
"simple cig",18,146
"simply eliquid",12,321
"six realms, zen juice",0,0
"smart fixx",1,4
"smartsmoke",16,273
"smok",204805,586478
"smoke anywhere",678,74469
"smoke free",33965,699903
"smoke green",146,107036
"smoke power",58,7213
"smoke relief",27,17287
"smoke stik",9,244
"smoke tip",31,1871
"smoke to live",0,0
"smokefree (in)",0,0
"smokeinstyle",2,105
"smokeless image",1646,791
"smokepass",1,172
"smoker's 1 choice",0,0
"smoker's angel (halo)",0,0
"smokers 1 choice",0,0
"smokesation",3,66
"smokestik",15,1260
"smoketip",33,1832
"smokin crow",50,29
"smoking vapor",713,15047
"smoko",106,8823
"smoktek",888,282
"smoov",513,4999
"smoque",238,485
"snowwolf",7376,25162
"soulblu",34,496
"sourin",4133,2477
"sourin air bar",1,1
"south beach smoke",122,26279
"square 82",0,329
"starbuzz",18430,33176
"steam lite",3,2
"steam-e-juice",2,0
"stig",794,6041
"stig vgod",15,56
"stinky's",75,1863
"stog",80,15394
"sunshine vape",43,272
"suorin",12571,10576
"supreme ecig",6,37
"sutra vape",9,132
"sutter buttes reserve, liquid couds",0,0
"svc",148,3842
"switch mods",293,372
"tablites",16,1383
"tececigs",3,11
"the friendly vapor",0,0
"the house of vapor",0,0
"the mafia line",0,0
"the refined vaper",0,16
"the vape co",0,14
"the vape mall",0,3
"the vaper's knoll",1,0
"the vapor room",1,0
"the yorkshire vaper",0,0
"tiger aide",0,0
"totally wicked",2075,8468
"tripl3",0,1358
"tru-vape",0,0
"tsunami",15452,58864
"uk e-cig store",15,49
"uwell",41986,28263
"v-gar",2,270
"v2 cigs",1,4137
"vandy vape",13177,69499
"vapable",3503,649
"vapage",562,1358
"vapcigs",20,19
"vape 180",0,0
"vape 29",0,0
"vape big",1083,4646
"vape dojo",3562,1021
"vape dudes",1269,1819
"vape emporium",50,2722
"vape goddess",85,10089
"vape happy",872,6760
"vape house",904,16680
"vape master",797,13133
"vape naked",149,1326
"vape on",172,7346
"vape storm",170,1151
"vape superstore",33,1876
"vape vibe",16,888
"vape wild",12634,8562
"vapeccino",226,1194
"vapemoar",246,82
"vapeny",262,410
"vapeplay",7,232
"vaper empire",26,499
"vaper mate",9,116
"vaper stall",0,5
"vaper&co",0,0
"vaper's corner",10,97
"vaperite",876,750
"vapertrails",10,140
"vapes gone wild",44,32
"vapesafe",149,7969
"vapestick®",0,0
"vapin plus",100,208
"vaping mad",102,893
"vaping monkey",263,584
"vaping outlaws",71,1731
"vaping vamps",0,106
"vaping walrus",483,69
"vaping zone",309,983
"vapingliquid",1,176
"vapor hq",32,27
"vapor hut",605,1314
"vapor king",226,1869
"vapor shack",31,103
"vapor shark",4313,2220
"vapor sniper",1,34
"vapor tokers",1,8
"vapor4life",2,726
"vaporburst",9,37
"vaporcade, 1963",0,0
"vaporescence",182,131
"vaporesso",41378,68772
"vaporfi",2560,14643
"vaporleaf",262,145
"vaporvault",7,9
"vaporx",156,2011
"vapour evolution",1,29
"vapour2",0,326
"vapouriz",92,5930
"vapourlites",29,1176
"vapur",181,838
"vapure",556,536
"veppo",115,1012
"vero",175,26856
"vienti",5,20
"vintage joye",0,28
"viper vape",235,705
"virgin vapor",1507,1982
"vista vapors",862,705
"volish",35,84
"voodoo",2498,42763
"voodoo hookah",15,377
"voopoo",43158,64688
"vuse",6006,15827
"vype",1216,8901
"want2vape",0,3
"westside vapor",8,13
"white cloud",521,9498
"white cloud cirrus",4,0
"wicked ejuice",7,66
"wismec",35225,55303
"wordup-ecig",2,38
"wotofo",22002,76091
"x hale o2",0,0
"xeo",72,2235
"xhale o2",0,0
"xtreme vaping",17,53
"yeti",953,89226
"zeecigs",4,141
"zemo",6,280
"zero cig",11,512
"zig zag",348,12785
"zigs",17,1248
