keywords,num
zigs,17
zig zag,348
zero cig,11
zemo,6
zeecigs,4
yeti,953
xtreme vaping,17
xeo,72
wotofo,22002
wordup-ecig,2
wismec,35225
wicked ejuice,7
white cloud cirrus,4
white cloud,521
westside vapor,8
vype,1216
vuse,6006
voopoo,43158
voodoo hookah,15
voodoo,2498
volish,35
vista vapors,862
virgin vapor,1507
viper vape,235
vienti,5
vero,175
veppo,115
vapure,556
vapur,181
vapourlites,29
vapouriz,92
vapour evolution,1
vaporx,156
vaporvault,7
vaporleaf,262
vaporfi,2560
vaporesso,41378
vaporescence,182
vaporburst,9
vapor4life,2
vapor tokers,1
vapor sniper,1
vapor shark,4313
vapor shack,31
vapor king,226
vapor hut,605
vapor hq,32
vapingliquid,1
vaping zone,309
vaping walrus,483
vaping outlaws,71
vaping monkey,263
vaping mad,102
vaping,1083003
vapin plus,100
vapesafe,149
vapes gone wild,44
vapes,260989
vapertrails,10
vapers,85327
vaperite,876
vaper's corner,10
vaper mate,9
vaper empire,26
vaper,68681
vapeplay,7
vapeny,262
vapemoar,246
vapeccino,226
vape wild,12634
vape vibe,16
vape superstore,33
vape storm,170
vape on,172
vape naked,149
vape master,797
vape house,904
vape happy,872
vape goddess,85
vape emporium,50
vape dudes,1269
vape dojo,3562
vape big,1083
vape,1463239
vapcigs,20
vapage,562
vapable,3503
vandy vape,13177
v2 cigs,1
v-gar,2
uwell,41986
uk e-cig store,15
tsunami,15452
totally wicked,2075
the vapor room,1
the vaper's knoll,1
tececigs,3
tablites,16
switch mods,293
svc,148
sutra vape,9
supreme ecig,6
suorin,12571
sunshine vape,43
stog,80
stinky's,75
stig vgod,15
stig,794
steam-e-juice,2
steam lite,3
starbuzz,18430
south beach smoke,122
sourin air bar,1
sourin,4133
soulblu,34
snowwolf,7376
smoque,238
smoov,513
smoktek,888
smoko,106
smoking vapor,713
smokin crow,50
smoketip,33
smokestik,15
smokesation,3
smokepass,1
smokeless image,1646
smokeinstyle,2
smoke tip,31
smoke stik,9
smoke relief,27
smoke power,58
smoke green,146
smoke free,33965
smoke anywhere,678
smok,204805
smartsmoke,16
smart fixx,1
simply eliquid,12
simple cig,18
sigelei,102041
shoreditch,164
saffire vapor,66
safe way ecig,1
ryse,10
ruyan,632
royal smoke,17
rok,214
rocky top,151
roc vape,2
rip tide ripstick,3
rig mod,1091
revolver,1362
rejuve,4
red mercury,2
red dragon,233
rebreathe,7
pure smoker,68
pure smoke,54
pure cigs,12
puffbar,226
puff bar,1291
puff,58315
puf,131
provape,2697
prosmoke,28
privileged premium,5
prime vapor,10
prestige vaping,4
pink spot vapors,221
phantoms,197
perfection vapes,93
omni,7796
okc vapes,245
ok smokey,3
ohm,356976
nyk,20
nuvocig,8
nulife,19
nucig,12
nola vape,61
noflame,3
njoy,7726
nicstick,17
nicotek,29
nicocig,4
nicmaxx,50
nexgen,241
newhere,30
nashville vapor,273
mystart,18
mylé,159
my freedom smokes,6
my blu,1
multicig,2
mr. vape,236
mr-e-go,1
mount baker vapor,3067
moti piin,127
moose juice,60
monster vape,213
mojo,2355
modern vapor,58
modern smoke,27
misty,717
mistic,405
mirage,2718
mig vapor,316
mig,3143
microcig,18
maya,530
markten,729
magic mist,17
madvapes,4039
luxury lites,49
luci,15
love ecig,93
lost vape,19309
logic,13337
litejoy,22
litecig,137
liberty stix,3
liberty flights,895
liberro,13
legit liquid,8
lecig,47
leap go,21
krave,281
kraken,9481
knoxville vapor,48
kj's,6
kangertech,23862
kandypens,1760
kalamazoo vapor shop,131
juul,189941
justfog,1732
joyetech,40569
johnson creek,1633
janty,599
jak,205
jacvapour,269
ivape,3542
itaste,31305
istick,112023
ismok,22
ism,175
ipv,44527
innokin,56030
imperial smoke,14
imperial clouds,6
icig,68
hyppe,28
hydro,3388
hyde,625
hot vapes,569
hoosierecig,49
hoosier vapes,135
holismokes,8
heavyvape,2
heaven gifts,801
health e-cigarette,37
headvape,5
greensmartliving,38
green smoke,768
good e-juice,224
gogo,195
glas,6150
ginger vaper,185
genecigs,1
geek vape,5825
gamucci,72
fusion vape,17
fuma,127
frii,8
freshcig,24
freedom e-cigs,2
foggy gorilla,39
flavor vapes,313
flavor hound,10
firecreek,10
firebrand,95
finiti,35
fifty-one,36
faze,200
fantasia,7309
ezzy,48
ez smoker,1
ez cig,10
excape,14
evo vapor,34
eversmoke,64
ever smoke,1801
evape,381
esmoke,68
esixvapors,5
epuffer,118
eonsmoke,1815
eluma,12
elitensmoke,1
eliquidplanet,26
elektro,8
electronic cigs,234
electronic cigarettes,11871
electronic cigarette,9713
electronic cig,228
electro,1046
eleaf,54970
eko cigs,1
eking,9
ejuicemonkey,12
ego c twist,1927
eco-cigs,2
eco,3433
ecloud,28
ecigzoo,1
ecigwizard,383
ecigs,39700
ecigpros,7
ecigarettes,1697
ecigarette,1786
ecigared,2
ecig life,22
ecig delivered,3
ecig central,1
ecig,58653
ec blend,356
easypuff,1
easy vapors,5
easy vaping,271
eastmall,29
east coast vapor,24
e-swisher,10
e-smart,271
e-luminate,14
e-lites,115
e-liquid vape shop,8
e-liq,275
e-cigs,38381
e-cigarettes,22465
e-cigarette,16999
e-cig,47822
e cigs,5320
e cigarettes,1513
e cigarette,2356
e cig,7533
dv,3559
ds vapes,4
dragon fly,19
downtown vape,6
diy flavor shack,228
delux,185
dana vape,3
cuttwood,11588
cs vapes,8
crème de vape,5
crazy vapors,33
crazy vapes,43
colorado vape,28
cloudv,147
cloudcig,59
cloud stix,4
cloud drops,19
cloud crew,2
cloud atlas vaping,24
cloud 9,1
clear smoke,135
cleansmoke,5
clean cig,20
cigreds,1
cignot,397
cigma,29
cigirex,8
ciggo,151
cigelectric,5
cigees,21
cigavette,6
cigana,2
cigalectric,4
chi-town vapers,33
cherry vape,402
ceravape,215
cec,9
calibar,4
bull smoke,29
buddha juice,26
bud vape,563
buck naked,299
brew city vape,4
bocavapes,28
blvk unicorn,346
bloog,460
blackhat,59
big dog vapes,6
bidi stick,47
betamorph,88
bedford slims,32
barn brew,14
avail,6669
automatic cigarettes,1
aussie blue,4
augvape,4100
atmos,6867
atmizoo,1284
artery,2500
aristo,21
aqua vapor,42
apollo,5158
amerismoke,3
american eliquid store,19
alien visions,1297
air smoke,282
air one,678
aer,82
absolute vaper,1
a&n,3
7's,2
4x pods,1
#starbuzz,2
