subreddits,num
vaporents,1677158
vapenation,224
vapeitforward,55237
stopsmoking,773149
shitty_ecr,14150
portabledabs,11617
ploompax,70380
juul,408787
juiceswap,1453
iqos,8107
hookah,675838
gearbest,4575
electronic_cigarette,9657904
ejuice_reviews,2685
ecr_eu,133832
ecigclassifieds,742518
ecig_vendors,35565
Waxpen,375958
Vaping101,258945
Vaping,1955348
VapePorn,221538
StonerProTips,129315
Snus,182586
PipeTobacco,701880
EJuicePorn,8528
ECR_UK,61330
DIY_eJuice,575194
Cigarettes,371833
Canadian_ecigarette,249663
