state,num_user
Arizona,3476
Massachusetts,3452
Rhode Island,248
North Carolina,3892
Delaware,185
New York,6988
Louisiana,2668
New Hampshire,1154
Kentucky,4428
Mississippi,556
Idaho,799
North Dakota,105
Pennsylvania,21148
Washington,3087
New Jersey,6766
Georgia,2090
Oregon,2555
Indiana,1919
Connecticut,1753
Hawaii,292
Tennessee,3519
Nevada,1375
Alaska,281
Utah,2493
Oklahoma,1516
Colorado,2650
Wisconsin,2830
Illinois,70190
Kansas,3209
Alabama,907
Arkansas,1644
Nebraska,1480
South Dakota,94
Wyoming,328
Iowa,1022
Minnesota,2949
Missouri,7698
Vermont,1745
California,10722
Virginia,1742
Florida,3788
West Virginia,5017
South Carolina,887
Texas,8432
Ohio,53396
Montana,211
Maine,330
Michigan,3924
Maryland,3056
New Mexico,390
